Unnamed: 0,title,subtitle,brand,serie,rating,rated,price,stock,link,count_images,description
1,Lifeproducts Elektrisch Massage Voetenbad met Eeltverwijderaar - Instelbare Warmte tot 48°C - Bubbelstraal - Reinigend Infrarood licht - Automatische Voetmassage - Voetbad met Massage - 9 Liter,Warmt water snel op en geeft een automatische voetmassage,Lifeproducts,,"4,7",29,"89,95",Op voorraad,https://www.bol.com/nl/nl/p/lifeproducts-elektrisch-massage-voetenbad-met-eeltverwijderaar-instelbare-warmte-tot-48-c-bubbelstraal-reinigend-infrarood-licht-automatische-voetmassage-voetbad-met-massage-9-liter/9300000000856422/,12,"
 Lifeproducts Elektrisch Voetenbad met automatische massagefunctieHet Lifeproducts Voetbad met massage ontspant vermoeide voeten en verbeterd de bloedsomloop! Verwen je voeten na een lange dag met een heerlijk voetbadje en kom weer helemaal tot rust. Verander het voetbad zwembad in een pedicure behandeling door voetbadzout (epsomzout) of Etherische olie toe te voegen aan het water. Zo kunt u heerlijk genieten van een therapeutische en ontspannende voetspa. Het voetbad beschikt over een automatisch draaiende eeltverwijdersteen zodat u na het voetenbadje ook heerlijk gladde voeten krijgt. Het voetenbad verwarmt het water tot wel 48°C en beschikt over 6 automatische massage rollers die u voeten masseren. Het voetbad beschikt ook over een fijne bubbelstraalfunctie zodat u extra kunt genieten. De massage van het voetbad ontspant de spieren in de voet en kan symptomen van plantar fasciitis (hielspoor) verzachten. Het voetenbadje is voorzien van een handige handvat waardoor het makkelijk te verplaatsen is. Daarbij heeft de spa een waterafvoer an de achterkant waarmee u eenvoudig het voetbad leeg kunt laten lopen.Voordelen: 

Automatische massagerollers
3 Verschillende massagestanden
Heerlijk verwarmd water tot 48°C
Automatisch draaiende eeltverwijdersteen
Bubbeljet functie
Massagetimer tot 60 min
Gebruik epsom zout mogelijk

 MassagefunctieMet elektrische massagerollers, zuurstof bubbels en roterende puimsteen krijgen jouw voeten met dit heerlijke massagebad precies wat ze nodig hebben. Zo worden de voetspieren volledig los gemasseerd, ervaar je een boost van nieuwe energie en wordt de bloedcirculatie gestimuleerd.Voetspa thuis op de bankMet slechts één druk op de knop levert onze multifunctionele voet-spa-stimulator een ontspannende massage, bubbelzaligheid en thermotherapie aan uw pijnlijke zolen, hielen en tenen. De meerdere waterstralen bevatten duizenden zuurstofrijke bellen om de druk, voetschimmel, branderig gevoel, fasciitis plantaris, gewrichts- en ligamentpijn te verlichten. Met de geïntegreerde warmtefunctie en de bubbelfunctie kunt u kunt profiteren van een verbeterde doorbloeding en circulatie. Een voetspa kan oude eeltplekken en harde delen van uw voeten verzachten, zodat u eenvoudig dode huid en eeltplekken op uw voeten kunt reinigen. Met de ingebouwde puimsteen voelen uw voeten weer als nieuw! 
 LED screenHet LED screen is een schermpje van zeer hoge kwaliteit dat op elk moment aangeeft wat de huidige temperatuur in het waterreservoir is. Hiermee kun je dus aflezen hoe hoog de temperatuur op een bepaald moment is en aan de hand daarvan aanpassingen doorvoeren. Het LED screen is duidelijk zichtbaar en vergroot het gemak waarmee het massage voetenbad gebruikt kan worden aanzienlijk.Heeft u nog vragen over het Lifeproducts voetenbad? Het Lifeproducts Team helpt u graag verder. Stel u vraag op bol.com door op onze winkelnaam te klikken. 
"
2,Qumax Elektrisch Verwarmd Voetenbad met massage Rollers – Voetmassage met Vibratie en Bubbels – Incl LCD scherm – Tot 48° graden,Warmt snel op en blijft op de ingestelde temperatuur,Qumax,,"4,3",30,"54,95",Op voorraad,https://www.bol.com/nl/nl/p/qumax-elektrisch-verwarmd-voetenbad-met-massage-rollers-voetmassage-met-vibratie-en-bubbels-incl-lcd-scherm-tot-48-graden/9300000008036190/,11,"
 Verzorg je voeten en kom heerlijk tot rust met het verwarmde voetenbad van Qumax. Het luxe voetenbad bubbelt, vibreert en is voorzien van massagerollers voor een ultiem relaxmoment. Via het lcd-scherm kun je alle functies eenvoudig en snel instellen, waarna je kan genieten van een rustgevend en stressverminderend voetenbad. 

 

 Verwarmd voetenbadOp het lcd-scherm kan een temperatuur worden ingesteld tussen de 35 en 48 °C. Het voetenbad verwarmt het water vervolgens binnen no-time naar de gewenste temperatuur zodat de voeten snel kunnen worden ondergedompeld in het warme water. Dankzij het krachtige verwarmelement zal het water op temperatuur blijven, waardoor je zo lang als je wil kan genieten van het warme voetenbad. 

 

 Bubbels, vibratie en trigger pointDankzij de bubbelfunctie kan er een kalmerend bubbelbad voor de voeten worden gecreëerd, zodat je kan ontspannen na een lange dag. De vibrerende functie zorgt dat vermoeidheid van de voeten verdwijnt en de triggerpoints laten de voeten optimaal ontspannen. Alle functies kunnen gemakkelijk worden ingesteld via het duidelijke en praktische lcd-scherm. 

 

 MassagerollersHet voetenbad is voorzien van 4 massagerollers waar je de voeten overheen kan rollen. Hierdoor zullen de voeten diep worden gemasseerd waardoor pijnpunten worden verlicht en de voeten uitgerust zullen aanvoelen. De massagerollers kunnen eenvoudig uit het voetenbad worden verwijderd wanneer er geen behoefte aan is. 

 

 Ergonomisch designHet voetenbad is speciaal ontworpen voor ultiem comfort. Zo is de bodem voorzien van comfortabele bolletjes waar de voeten op kunnen rusten. Het voetenbad is bovendien voorzien van een bakje waar bijvoorbeeld zeep in kan worden gedaan, voor extra verzorging en een heerlijke geur. De onderkant van het voetenbad is voorzien van antislip, waardoor deze stevig blijft staan tijdens gebruik. 

 

 Pluspunten Qumax voetenbad✔ Krachtig verwarmelement: warmt snel op✔ Bubbelt en vibreert✔ Voorzien van massagerollers✔ Gemakkelijk functies instellen via lcd-scherm✔ Antislip 

 Ontspan en kom helemaal tot rust met het verwarmde voetenbad van Qumax. 
 Specificaties✔ Temperatuur: 35-48 °C✔ Diepte: 14 cm✔ Capaciteit: 8 liter✔ Vermogen: 300-500 Watt✔ Afmetingen: 43.5*38.5*22.7 cm 
"
3,Calmenta® XXL Voetenbad - 12L - Automatisch wielmassage - Infrarood - Tot 48°C - Voetbad Massage - Voetmassage - Shiatsu,,Calmenta,,"4,7",47,"169,",Op voorraad,https://www.bol.com/nl/nl/p/calmenta-xxl-voetenbad-12l-automatisch-wielmassage-infrarood-tot-48-c-voetbad-massage-voetmassage-shiatsu/9200000132681926/,12,"
 Last van pijnlijke voeten of gewoon even toe aan een ontspannend momentje? Het voetenbad van Calmenta® is de perfecte manier om de vermoeide voeten weer schoon en zacht te maken en ze te laten ontspannen. Het voetenbad heeft een inhoud van 12 liter, automatisch roterende massagerollers, bruiswerking, timer, massageprogramma's, verwarming (48°C), Hendel en een deksel. Als je de voeten tot rust laat komen, verspreidt die rust zich over het hele lichaam. Dit verdien jij toch ook? Voordelen van Calmenta® XXL voetenbad 

Infraroodsysteem
Automatisch roterende massagerollers
Bereikt acupunctuurpunten
Verbetert de doorbloeding en verlicht vermoeidheid
Ontspant en ontstresst
Verlicht rusteloze benen (RLS)
Bevordert je nachtrust en helpt bij slaapproblemen
Blijf zitten en bedien met de afstandsbediening

 Automatisch roterende massage wielen en verticale 3D massagerollersHet multifunctionele massage voetenbad biedt uitgebreide mogelijkheden in massagestanden en temperatuur. Het voetenbad is voorzien van 4 automatisch roterende Tai Chi wielen, infrarood en een bubbel massagetechniek. Daarnaast heeft het 2 verticale 3D massagerollers volledig automatisch. Dit is niet alleen goed voor je voeten maar voor je hele lichaam. 
 Verlichting Rusteloze benen (RLS) en betere nachtrustDoor de benen te masseren voor het slapen, worden de zwaarbelaste spieren tot rust gebracht en de doorbloeding in de benen gestimuleerd. Dit zorgt voor verlichting en een goede nachtrust. Daarnaast brengt deze voetenspa het lijf meteen in een ontspannen toestand, waardoor je de slaap eerder zult vatten. 
 Calmenta® XXL voetenbad 

12 liter water inhoud
4 automatische roterende Tai Chi wielen met 5 drukpunten en 2 verticale 3D massagerollers
Acupressuur voetmassage
Luchtbellen
LED screen met Timer
Hendel (Makkelijk te verplaatsen)
Tot wel 48°C verwarmen
Afstandsbediening

 Tot wel 48°C verwarmenHet voetenbad is standaard ingesteld op 35°C en is vanaf deze temperatuur in stappen van 1°C te verhogen tot 48°C. Zo stel je het voetenbad met precisie in en kun je stap voor stap bepalen welke warmtegraad het prettigst aanvoelt. 
 Bloedcirculatie stimulatieDe 4 Tai Chi wielen met massageknoppen creëren, door trillingen, een aangenaam massage-effect. Door de voeten en benen te masseren, komt de doorbloeding in de voeten weer op gang. Hierdoor verbetert de bloedcirculatie van het hart, de maag en de nieren. 
 Bubbel functie en infraroodsysteemDit luxe apparaat is voorzien van een bubbelfunctie en zorgt daarvoor voor een aangenaam gevoel. De bubbels gaan langs de voeten en masseren op die manier de huid wat zorgt voor een extra ontspannend gevoel. Let op: de druk van de bubbels is laag. Het voetenbad is gericht voor de ultieme massage van de voeten. Daarnaast heeft het voetenbad een infraroodsysteem. De warmte van infrarood licht dood bacteriën en heeft een positieve invloed op de huid en herstel van het lichaam. De warmte zorgt dat de hartslag stijgt en de bloedsomloop gestimuleerd wordt. Hierdoor versnelt de stofwisseling en worden afvalstoffen sneller afgevoerd. 
 TIP: Vooral wanneer het erg warm weer is, kan een bubbelmassage met koud water heel verfrissend werken.Afstandsbediening, hendel, wieltjes en een ventielHet voetenbad is voorzien van een automatisch leegloopventiel, waardoor het water makkelijk is af te voeren. Door de universele wieltjes en het stevige handvat kan het apparaat zonder moeite verplaatst worden. Middels de afstandsbediening is het apparaat volledig in te stellen zonder dat je van je plek hoeft af te komen. Start jouw ontspanningsmoment wanneer je maar wilt.Getest door specialistenDe apparaten van Calmenta® zijn uitgebreid getest en geselecteerd door specialisten en huisartsen! De werking van onze producten is wetenschappelijk bewezen en 100% veilig voor de huid. 
 Gratis retourneren en 24/7 serviceIedereen moet zonder enige risico’s de voordelen van de Calmenta® apparaten kunnen ervaren. Ben je niet tevreden en zorgt het niet voor de gewenste resultaten? Dan kunt u binnen 30 dagen na aankoop het product gratis retourneren. Daarnaast bieden wij 1 jaar garantie en 24/7 service voor persoonlijk advies. 
  Ook jij verdient dat ene verwenmoment! Na een welverdiende voeten Spa met infraroodtherapie, bubbels en een diepe weefselmassage, voel jij je weer piekfijn. Bestel voor 23:59 uur en profiteer morgen al van de positieve effecten van het massageapparaat van Calmenta®. 
 Specificaties 

Merk: Calmenta®
Productnaam: Voetenbad spa
Materiaal: ABS
Voltage: 220V
Power: 500W
Gewicht: 4,4 kg
Diepte: 30cm
Volume: 12 liter
Geschikt voor maten t/m 46
Formaat: 40x38x20,5cm

 Gebruik het apparaat nooit zonder water, op die manier gaat het apparaat stuk 
 
 
 
"
5,Qualitá Elektrisch Voetenbad Blauw – Voetmassage – Voetbad,,Qualita,,"4,7",23,"99,99",Op voorraad,https://www.bol.com/nl/nl/p/qualita-elektrisch-voetenbad-blauw-voetmassage-voetbad/9300000057230104/,12,"
 Voel je je de afgelopen tijd gestrest en kun je wel wat ontspanning gebruiken? Of heb je vaak last van je voeten? Een spa dagje of even naar de pedicure kost al snel een hoop geld. Kies daarom voor een voetenbad dat je lekker thuis kunt gebruiken wanneer je maar wilt. Vul het Qualitá voetenbad met water en ga er heerlijk voor zitten. Met de afstandsbediening kun je de voetmassage laten starten of voor een bubbelbad kiezen.  
 Ervaar het luxe spa gevoel thuis op de bank 
 Vul het voetmassage apparaat met water, zet een lekkere kop thee (of koffie) en ga er eens heerlijk voor zitten. Als extraatje kun je er ook voor kiezen om een essentiële olie zoals lavendel toe te voegen voor een heerlijke geur. Het Qualitá voetenbad bevat 4 draaiende shiatsu wielen die zorgen voor een fijne voetmassage. Dit is niet alleen ontspannend, maar verbetert ook de bloedsomloop in je voeten en stimuleert de acupressuurpunten. 
 
 Nooit meer koude voeten  
  Heb je vaak koude voeten en warmen ze maar niet op? Dan is een voetenbad écht een uitkomst. Het infrarood licht zorgt ervoor dat het water altijd op temperatuur blijft en daarnaast verbetert het infrarood licht de huid op celniveau. Dit is perfect voor de koude winteravonden. 
 
 Super gemakkelijk te bedienen  
  Je bedient het Qualitá voetenbad met de knoppen op het voetmassage apparaat zelf of met de afstandsbediening. Ben je helemaal tot rust gekomen en klaar om je voeten af te drogen? Til het voetenbad op aan het handvat en laat het voetmassage apparaat gemakkelijk leeglopen door middel van het ventiel. 
   
 Voordelen van het Qualitá voetenbad  
  ✔︎ Perfecte temperatuur – Bepaal zelf de gewenste watertemperatuur. 
 ✔︎ Ontspannende massage – 4 draaiende shiatsu wielen zorgen voor een geweldige massage. 
 ✔︎ Timer – Bepaal zelf hoe lang je geniet van dit heerlijke voetmassage apparaat.  
 ✔︎ Gemakkelijk – Laat het apparaat na gebruik leeglopen door middel van het ventiel. 
 ✔︎ Verhelpt stress – Stimuleert acupressuurpunten en zorgt voor stressverlichting. 
 
 100% Tevredenheidsgarantie 
 Wij verkopen alleen de beste kwaliteit producten. Heb je een vraag of ben je niet tevreden met je aankoop? Laat het ons weten en dan zoeken we naar een gepaste oplossing. 
 Bestel jouw Qualitá voetenbad vandaag nog en ervaar het luxe spa gevoel vanuit huis! 
"
6,Clatronic FM 3389 - Voetenbad,Nieuw artikel,Clatronic,,"4,0",12,"31,95",Op voorraad,https://www.bol.com/nl/nl/p/clatronic-fm-3389-voetenbad/9200000058954661/,7,"
    Clatronic voetmassageapparaat FM 3389Technische gegevens- Intens whirlpooleffect- Massagenoppen om de voetreflexzones te stimuleren- Extra massageroller, verwijderbaar, voor een punctuele voetreflexzonemassage- Verwarmde voetsteun- 4-standen schakelaar0 = uit1 = massage2 = warmte/werveling3 = warmte/werveling/massage- Toepassing met en zonder water mogelijk- Spatwaterbescherming, uitneembaar- Waterpeilmarkering- Afvoergoot- Grote, met rubber beklede voeten voor anti-slip stand- Stroomvoorziening 230 Volt, 50 Hertz- Opgenomen vermogen 90 WattDit betreft een hygiëne product.
  "
7,Qualitá Elektrisch Voetenbad Zwart – Voetmassage – Voetbad,,Qualita,,"4,7",23,"99,99",Op voorraad,https://www.bol.com/nl/nl/p/qualita-elektrisch-voetenbad-zwart-voetmassage-voetbad/9300000087606550/,12,"
 Voel je je de afgelopen tijd gestrest en kun je wel wat ontspanning gebruiken? Of heb je vaak last van je voeten? Een spa dagje of even naar de pedicure kost al snel een hoop geld. Kies daarom voor een voetenbad dat je lekker thuis kunt gebruiken wanneer je maar wilt. Vul het Qualitá voetenbad met water en ga er heerlijk voor zitten. Met de afstandsbediening kun je de voetmassage laten starten of voor een bubbelbad kiezen.  
 Ervaar het luxe spa gevoel thuis op de bank 
 Vul het voetmassage apparaat met water, zet een lekkere kop thee (of koffie) en ga er eens heerlijk voor zitten. Als extraatje kun je er ook voor kiezen om een essentiële olie zoals lavendel toe te voegen voor een heerlijke geur. Het Qualitá voetenbad bevat 4 draaiende shiatsu wielen die zorgen voor een fijne voetmassage. Dit is niet alleen ontspannend, maar verbetert ook de bloedsomloop in je voeten en stimuleert de acupressuurpunten. 
 
 Nooit meer koude voeten  
  Heb je vaak koude voeten en warmen ze maar niet op? Dan is een voetenbad écht een uitkomst. Het infrarood licht zorgt ervoor dat het water altijd op temperatuur blijft en daarnaast verbetert het infrarood licht de huid op celniveau. Dit is perfect voor de koude winteravonden. 
 
 Super gemakkelijk te bedienen  
  Je bedient het Qualitá voetenbad met de knoppen op het voetmassage apparaat zelf of met de afstandsbediening. Ben je helemaal tot rust gekomen en klaar om je voeten af te drogen? Til het voetenbad op aan het handvat en laat het voetmassage apparaat gemakkelijk leeglopen door middel van het ventiel. 
   
 Voordelen van het Qualitá voetenbad  
  ✔︎ Perfecte temperatuur – Bepaal zelf de gewenste watertemperatuur. 
 ✔︎ Ontspannende massage – 4 draaiende shiatsu wielen zorgen voor een geweldige massage. 
 ✔︎ Timer – Bepaal zelf hoe lang je geniet van dit heerlijke voetmassage apparaat.  
 ✔︎ Gemakkelijk – Laat het apparaat na gebruik leeglopen door middel van het ventiel. 
 ✔︎ Verhelpt stress – Stimuleert acupressuurpunten en zorgt voor stressverlichting. 
 
 100% Tevredenheidsgarantie 
 Wij verkopen alleen de beste kwaliteit producten. Heb je een vraag of ben je niet tevreden met je aankoop? Laat het ons weten en dan zoeken we naar een gepaste oplossing. 
 Bestel jouw Qualitá voetenbad vandaag nog en ervaar het luxe spa gevoel vanuit huis! 
"
9,Sanitas SFB07 - Elektrisch massage voetenbad,Ontspanning voor vermoeide voeten,Sanitas,,"4,3",25,"39,99",Op voorraad,https://www.bol.com/nl/nl/p/sanitas-sfb07-elektrisch-massage-voetenbad/9200000051244488/,11,"
 De SFB07 voetenbad van Sanitas biedt ontspanning voor vermoeide voeten. Eigenlijk het perfecte kado het gehele jaar door. Het heeft drie functies; watertemperatuurregeling, vibratie- en bruismassage. Om heerlijk te ontspannen! Ontspannende massageHet massageopzetstuk in het midden zorgt voor een aangename massage van de voeten en stimuleert de doorbloeding. Het opzetstuk kan voor de reiniging worden verwijderd. Door een bepaald punt op de zool van de voet te masseren, kunnen bepaalde organen van het lichaam worden beïnvloed. Het wordt echter aangeraden om vóór de puntreflexzonemassage eerst informatie in te winnen door de juiste literatuur te lezen of u door uw arts te laten informeren. Op die manier kunt u het gewenste resultaat bereiken. Lekker langer warmOnder het voetbed is een verwarming ingebouwd. Warm water kan door de ingeschakelde verwarming enige tijd warm worden gehouden. De verwarming is niet geschikt om koud water te verwarmen. Voor een optimale werking wordt een massageduur van max. 40 minuten aanbevolen. Na het gebruik giet u het water via de smalle afgiettuit uit het voetenbad.Belangrijkste specificaties:✔ Weldadig voetenbad met bruiswerking✔ 3 functies: watertemperatuurregeling, vibratie- en bruismassage✔ Met massageopzetstuk✔ Voetbed met massagefunctie✔Afneembaar spatschild✔ Afgiettuit✔ Slipbestendige rubberen voetjes✔ Snoerlengte 1.8 meter✔ verbruik: 60 Watt✔ 2 jaar garantie 
"
10,El suvon® Voetenbad met Eeltverwijderaar - Verwarmd Voetenbad met massage Rollers - Voetmassage met zoutbad - Instelbare Warmte tot 48°C - Bubbelstraal,,El Suvon,,"4,3",26,"59,95",Op voorraad,https://www.bol.com/nl/nl/p/el-suvon-voetenbad-met-eeltverwijderaar-verwarmd-voetenbad-met-massage-rollers-voetmassage-met-zoutbad-instelbare-warmte-tot-48-c-bubbelstraal/9300000033568214/,8,"
 BONUS: Bestel vandaag nog en krijg een zak Epson badzout CADEAU!EL SUVON® VOETENBAD MASSAGE SPA Laat je verwennen met de El Suvon Voetenbad Massage Spa voor uiterst ontspannen voeten. Met deze revolutionaire voetenbad massage spa geef je jouw voeten wat ze nodig hebben met warmte, bubbels en vibratie door middel van 16 intensieve mini-rollers.Spa voetenbad voor intens genotOnze voetenspa voor thuisgebruik biedt jou vele verschillende functies. Denk hierbij aan warmte, bubbels, rollen en trillingen voor de beste thuismassage-ervaring voor je voeten. Je bent er hierdoor zeker van dat je jouw voeten heerlijk laat ontspannen. Je voelt je een ander mens na de behandeling met dit voetenbad! Je voeten worden in het dagelijks leven veel meer belast dan welk lichaamsdeel dan ook. Zij verdienen het daarom ook om intens verwend te worden. Zo kun je vermoeidheid effectief tegengaan en met de juiste voetverzorging zorg je slim voor de gezondheid van je hele lichaam. Eenvoudige digitale temperatuurregelingJe houdt de temperatuur van het water in jouw voetenbad thuisspa efficiënt op peil met de eenvoudig bedienbare temperatuurregeling. Je kunt het instellen op een temperatuur van 35 tot 48 graden Celsius. Je hoeft op deze manier zelf geen heet of koud water bij te vullen. Zo kun je echt optimaal genieten van jouw voetenbad zonder zorgen. Met de indicatielampjes op het stijlvolle display kun je gemakkelijk de voortgang van je spabehandeling volgen. En het bedienen van het voetenbad massage spa gaat uiterst eenvoudig met een simpele aanraking van de vier overzichtelijke knoppen. Het thuis verzorgen van je voeten wordt zo wel heel erg gemakkelijk! De voordelen van de El Suvon® Voetbad Massage Spa op een rijtje: • ✅ Nauwkeurige temperatuurregeling • ✅ Intense bubbels en vibratie met diverse functies • ✅ 16 afneembare mini-rollers ( NIET elektrisch ) voor de beste massage-ervaring • ✅ Digitaal display voor stijlvolle en eenvoudige bediening • ✅ Uiterst veilig en nuttig in gebruik 
 • Mensen met hartaandoeningen, mensen met ernstige embolie en cerebrale bloeding, zwangere vrouwen en mensen met terminale diabetes wordt afgeraden het product te gebruiken zonder een arts te raadplegen.Zit In de verpakking:1x Voetenbad1x Handleiding ( NL- EN - FR ) 
 El Suvon® 
 El Suvon® is een Nederlands merk voor al uw badkamer, toilet en keuken accessoires, kranen en douche. Mooie, kwalitatieve producten tegen aantrekkelijke prijzen staan centraal bij alles wat we doen. 

Nederlands merk
Mooie producten
Uitstekende prijs- kwaliteit verhouding
Goede service
Specialist

 Opmerkingen of problemen met het product? Neem gerust contact op via bol.com zodat wij je verder kunnen helpen. Wij gebruiken feedback om onze producten t.a.t. te verbeteren. Druk op ‘in Winkelwagen’ en geniet morgen al van je nieuwe bidet toilet sproeier. 
"
11,Medisana FS 881 Voetbubbelbad,Nieuw artikel,Medisana,,"4,4",29,"45,99",Op voorraad,https://www.bol.com/nl/nl/p/medisana-fs-881-voetbubbelbad/9200000063917725/,16,"
    Hoe heerlijk is het om na een lange dag werken heerlijk de voeten te kunnen ontspannen met een massage? En bedenk dan eens hoe lekker dat is in combinatie met een voetenbubbelbad met vibratie-voetreflexmassage. Dat gevoel geeft de FS 881 u wanneer u thuis komt. Zonder tussenkomst van een masseur of een ritje naar een massagesalon. Heerlijk bij u thuis.De FS 881 is voorzien van een warmtefunctie zodat uw ondergedompelde voetjes heerlijk op temperatuur blijven terwijl u geniet van een bubbel- en vibratiemassage. Geniet van de voetreflexmassage door uw voeten over het massagehulpstuk te bewegen waarbij u zelf de juiste plek en intensiteit van de prikkels kunt bepalen. Dit kan natuurlijk ook prima zonder water, als droge voetmassage.De onderhoudsvriendelijke FS 881 is ook na gebruik erg handig: het water laat zich heel eenvoudig verwijderen door de schenktuit. Het degelijke materiaal en de duurzame bouw van Medisana zorgen voor een zorgeloze ervaring en daarom krijgt u maar liefst 3 jaar garantie op het FS 881 voetenbubbelbad.3-in-1: bubbel- en vibratiemassage plus warmteAcupressuur puntmassageIntensieve voetreflex-zonemassageAnti-slip rubberen voetjesEenvoudige waterafvoerMassagehulpstukHandige éénknops-bediening
  "
12,Soft&Silky XL | massage voetenbad - 200ml magnesium cadeau - Verwarmd - Infrarood - 14L - Voetmassage - Voetbad - Voetroller - Voetenbad met massage - Eeltverwijderaar,,Soft & Silky,,"4,7",23,"69,99",Op voorraad,https://www.bol.com/nl/nl/p/soft-silky-xl-massage-voetenbad-200ml-magnesium-cadeau-verwarmd-infrarood-14l-voetmassage-voetbad-voetroller-voetenbad-met-massage-eeltverwijderaar/9300000033222093/,13,"
 Met het voetenbad van Soft & Silky komen niet alleen jouw voeten toe aan rust, maar ook jij zelf na een lange dag. Ontspan en verbeter jouw lifestyle! Verlaag je stress en andere lichamelijke klachten, verbeter jouw eigen nachtrust en bevorder de celregeneratie en bloedcirculatie. Met het infrarood systeem wordt er liefdevol voor jouw spieren en gewrichten gezorgd en met de 200ml magnesium vlokken cadeau kun jij direct alles eruit halen wat erin zit! De 10 roterende Tai Chi rollen zorgen ervoor dat de voeten geprikkeld worden en er een verbetering van onder anderen de bloedcirculatie kan ontstaan. 
 Voordelen van het Soft & Silky massage voetenbad 

Verzachting, ontspanning van de gewrichten
Verlaging stress gehalte
Vermindering hoofdpijn
Bevordering van de celregeneratie
Stimuleert de bloedcirculatie
Tot wel 30% verbetering van de nachtrust


Bubbelfunctie
10 roterende Tai Chi rollen
Automatisch leegloopventiel
Temperatuurregelaar van 36°C tot 48°C
Infrarood
12 Liter
200 ml magnesium vlokken cadeau

 Gun jouzelf heerlijke ontspanning en zijdezachte voeten, bestel nu het Soft & Silky voetenbad en ervaar het zelf! 
 Effectieve massageDoordat het voetenbad van Soft & Silky getest is door specialisten zijn er andere elementen verbeterd waaronder de massage rollers. De ronde knoppen op de rollers geven een mindere druk op de voet, waardoor de drukpunten meer gestimuleerd worden. Dit resulteert tot een betere ontspanning en bloedcirculatie. 
 
 Kies de gewenste temperatuur en tijdMet de digitale warmteregelaar kan je zelf de temperatuur in stellen. Is het bad te warm? Zet hem binnen 1 simpele tik op het touchscherm een paar graden kouder. Per graad instelbaar van 35°C tot 48°C. Je kan zelf de massage tijd in stellen van 5 tot 60 minuten 
 
 Bubbels en infraroodNaast de massage bevat dit bad ook een bubbel en infrarood stand. Wanneer u de bubbels activeert worden de kruiden zoals magnesium gecirculeerd door het bad. De infrarood stand zorgt ervoor dat jouw spieren en gewrichten een extra ontspannende behandeling krijgen 
 
 Voetenbad voor bloedcirculatie?Na een lange dag hard werken kan je bijvoorbeeld last krijgen van hoofdpijn. Wist je dat een voetmassage hoofdpijn kan verminderen? Door de 10 roterende rollen met speciaal ontworpen drukpunten wordt jouw voet op de reflexpunten gedrukt. Deze punten staan via de zenuwbanen in connectie met alle organen in jouw lichaam, wat zorgt voor een ideale stimulatie van de bloedcirculatie. In dit gehele proces worden de afvalstoffen verwijderd waardoor de energie makkelijker door je lichaam kan vloeien! 
   
 Tip! Je kunt natuurlijk gewoon een basic voetenbad nemen, maar uit ervaring van specialisten is het toevoegen van magnesium vlokken zeer bevorderend voor het eindresultaat. Naast vitaminen, zijn mineralen ook onmisbaar voor je lichaam, en magnesium is daar een van. Zo’n mineraal badje is namelijk een enorm effectieve manier om magnesium tot je te nemen, en daarmee klachten als vermoeidheid, migraine en spierkrampen te verlichten. Met 200ML kan je ca. 4 badjes genieten van het magnesium effect. 
 
 Waarom kiezen voor Soft&Silky 
 ✔ 30 dagen proberen na ontvangst van jouw product✔ 2 jaar fabrieks garantie✔ Vandaag besteld is morgen in huis!✔ 24/7 service voor al jouw vragen en/of advies✔ Gebruikt door specialisten en huisartsen✔ Wij ontwikkelen onze producten op een duurzame wijze 
"
13,Beurer FB35  Voetenbad - 3 pedicure opzetstukken - Aromatherapie - Infrarood,Nieuw artikel,Beurer,Voetenbaden,"4,2",84,"66,87",Op voorraad,https://www.bol.com/nl/nl/p/beurer-fb35-voetenbad-3-pedicure-opzetstukken-aromatherapie-infrarood/9200000035578204/,16,"

"
14,tGenot | 3XL Massage Voetenbad - 12L - Automatische Voetmassage - Tot 48°C Verwarming,,tGenot,,"4,4",56,"129,",Op voorraad,https://www.bol.com/nl/nl/p/tgenot-3xl-massage-voetenbad-12l-automatische-voetmassage-tot-48-c-verwarming/9300000000464638/,15,"
 Na een lange dag toe aan wat rust en ontspanning? Met het tGenot massagebad komen jouw voeten volledig tot rust en voel je je als herboren! 
 Met dit ruime massage voetenbad geniet je van een heerlijke massage en gun je jezelf dat verwenmoment waar je al dagen naar verlangt. Na wat welverdiende ontspanning met warmtetherapie, bubbels en automatische massage rollers voel jij je weer als herboren! 
 Optimale verzorging 
 Je voeten ondersteunen je ieder uur van de dag en krijgen tijdens jouw drukke schema dan ook vaak meer te verduren dan verwacht. Met het tGenot voetmassagebad houd je jouw voeten sterk en gezond en bedank je je stappers voor al het harde werk dat ze doen. 
 De perfecte massage 
Met elektrische massagerollers, zuurstof bubbels en roterend puimsteen krijgen jouw voeten met dit heerlijke massagebad precies wat ze nodig hebben. Zo worden de voetspieren volledig los gemasseerd, ervaar je een boost van nieuwe energie en wordt de bloedcirculatie gestimuleerd.Jouw voordelen
 ✓ Voor grote en kleine voeten t.e.m. maat 46✓ Versterkt het immuunsysteem✓ Bevordert de nachtrust en helpt bij slaapproblemen✓ Verbetert de bloedcirculatie✓ Zuurstof bubbels en Infrarood om bacteriën te bestrijden✓ Verschillende massagestanden voor een persoonlijke en unieke ervaring✓ Optimale voetverzorging voor een ontspannen gevoel✓ Heel snel opgewarmd en behoud zijn temperatuur door het temperatuur balanceringssysteem✓ Ergonomisch door afstandsbediening✓ Zeer gebruiksvriendelijk✓ Te gebruiken met badzout of badolie✓ 2 jaar fabrieksgarantie 
 Volledig automatisch 
 Jouw nieuwe voetenbad is voorzien van automatische rol en bubbel massagetechnieken waarmee jij van een professioneel wellness moment in jouw eigen huiskamer kunt genieten. Zo kom je volledig tot rust bij een uitgebreide massage zonder zelf aan de slag te hoeven gaan. 
 Multifunctioneel 
 Met uitgebreide mogelijkheden in massagestanden en temperatuur geniet jij van een heerlijke massage, persoonlijk afgestemd op jouw voorkeuren. Zo biedt het tGenot massage voetenbad jou meer dan ieder ander voetmassageapparaat! 
 3 massagestanden 
 ✸ Langzaam 
 Deze stand is gericht op ultiem comfort en is ideaal wanneer je wilt genieten van een rustige massage en een ontspannen gevoel. Ook is deze stand perfect geschikt als startersmassage om te kunnen wennen aan het apparaat. 
 ✸ Medium 
 The best of both worlds! Een heerlijke massage om bij tot rust te komen mét wat extra bewegingen voor specifieke drukpunten. 
 ✸ Snel 
 Deze massagestand richt zich op een snellere en meer intensieve massage waarin drukpunten en knopen optimaal worden gestimuleerd. 
 Temperatuur balanceringssysteem 
 Waar het warme water in een standaard voetenbad alsmaar kouder wordt geniet je van een constant aangename temperatuur met het voetmassagebad van tGenot®! Met een slim balanceringssysteem stel jij simpelweg de gewenste temperatuur in en zal het bad steeds automatisch verwarmd worden wanneer het water afkoelt. 
 Temperatuurinstellingen 
 Het voetenbad is standaard ingesteld op 35°C en is vanaf deze temperatuur in stappen van 1°C te verhogen tot 48°C. Zo stel je het voetenbad met precisie in en kun je stap voor stap bepalen welke warmtegraad het prettigst aanvoelt.Infrarood en Bubbel functie 
 Een andere functie is die van rood licht. Met een druk op de knop zet je rood licht aan voor tijdens de massage. Dit rode licht valt dan op de voeten en doet zijn werking door bacteriën te doden. Bij dit uitgebreide apparaat voor een kwalitatieve voetmassage zit verder ook nog een bubbelfunctie inbegrepen om extra zuurstof aan de voeten te geven tijdens jouw ontspannende voetmassage. 
   
 Ergonomisch verantwoord 
 Met een handige afstandsbediening kun jij het bad volledig instellen en controleren zonder ook maar één keer te hoeven bukken. Met slechts een druk op de knop kies je jouw favoriete instellingen en start je jouw ontspanningsmoment wanneer je maar wilt. 
 Handig in gebruik 
 Jouw nieuwe voetenbad is voorzien van handige wieltjes en een stevig handvat zodat je het apparaat moeiteloos kunt verplaatsen. Bovendien is het badwater met een automatisch leegloopventiel gemakkelijk af te voeren en kun je zorgeloos van jouw aankoop genieten. 
 LED screenHet LED screen is een schermpje van zeer hoge kwaliteit dat op elk moment aangeeft wat de huidige temperatuur in het waterreservoir is. Hiermee kun je dus aflezen hoe hoog de temperatuur op een bepaald moment is en aan de hand daarvan aanpassingen doorvoeren. Het LED screen is duidelijk zichtbaar en vergroot het gemak waarmee het massage voetenbad gebruikt kan worden aanzienlijk. 
 Eigenschappen 

3 massagestanden voor ideaal comfort op de acupunctuurpunten
8 volautomatische massagerollers en automatisch draaiende puimsteen
4 extra grote Thai Chi rollers met 5 drukpunten op de belangrijkste plaatsen van je voeten
6 timerstanden: 10 - 20 - 30 - 40 - 50 - 60 min
Afvoerbuisje: Vuil water makkelijk en snel laten aflopen
Multi-isolatie bescherming: ja
Dubbele oververhitting bescherming: ja
Temperatuur: 35°C t.e.m. 48°C per graad instelbaar
Volume: 12 liter
Het voetenbad is geschikt voor maten t.e.m. 46
4 bijgeleverde wielen om makkelijk te verplaatsen

 100% tevredenheidsgarantieWij staan volledig achter de kwaliteit van onze producten en bieden jou een onvoorwaardelijke garantie van 24 maanden. Bestel jouw voetenbad vandaag nog en geniet van een professionele massage!Tip! In tegenstelling tot andere voetenbaden kan je tijdens je ontspannende voetmassage van tGenot gebruik maken van badzout of badolie voor extra sensatie tijdens je massage.Specificaties 

Naam: tGenot - Massage Voetenbad
Materiaal: ABS
Afmetingen: 45 x 40 x 38 cm
Spanning: 800 W
Voltage: AC110V-240V/50-60HZ
Maximale temperatuur: 35~48 graden
In de doos: Afstandsbediening, 4 wielen, deksel, handleiding (NL / FR / ENG)

"
15,Niceey Massage Voetenbad XXL – Elektrisch Voetbad met Bubbelfunctie – 10 Massage Rollers – Infrarood Voetmassage - 12L - Wit,,NICEEY,,"4,4",10,"79,95",Op voorraad,https://www.bol.com/nl/nl/p/niceey-massage-voetenbad-xxl-elektrisch-voetbad-met-bubbelfunctie-10-massage-rollers-infrarood-voetmassage-12l-wit/9300000070422510/,8,"
Geef jouw voeten het ultieme rust moment met het nieuwe voetenbad met massage van Niceey!
Dit NIEUWE elektrisch voetbad model 2022 heeft maar liefst 10(!) massagerollers en geeft jou het ultieme relax moment. In combinatie met het makkelijk te besturen SMART TOUCH SCREEN LED-scherm zijn alle functies van het voetenbad snel en eenvoudig in te stellen, waarna je kan genieten van een rustgevend en stress verminderend voetenbad. Het voetbad beschikt over een infrarood voetmassage MET bubbelfunctie.Tip(!): In tegenstelling tot andere voetenbaden kan je tijdens je ontspannende voetmassage van Niceey gebruik maken van badzout of badolie voor extra sensatie tijdens je massage.
Waarom het voetenbad van Niceey?
 Het Niceey Voetenbad geeft de optimale verzorgingJe voeten ondersteunen je ieder uur van de dag en krijgen tijdens jouw drukke schema dan ook vaak meer te verduren dan verwacht. Met dit fantastische voetbad van Niceey houd je jouw voeten sterk en gezond en bedank je je stappers voor al het harde werk dat ze doen. 
 De perfecte massageMet maar liefst 10 (!) handmatige massagerollers, zuurstof bubbels en infrarood licht krijgen jouw voeten met dit heerlijke massagebad precies wat ze nodig hebben. Zo worden de voetspieren volledig los gemasseerd, ervaar je een boost van nieuwe energie en wordt de bloedcirculatie gestimuleerd.Makkelijk draagbaarHet voetenbad is gemaakt om makkelijk mee te nemen door middel van de hendel die er aan bevestigd is. Zo kun je het voetenbad plaatsen door het hele huis om bijvoorbeeld ook op de rand van het bed te genieten van het heerlijke voetenbad.Automatische instellingenJouw nieuwe voetenbad is voorzien van automatische bubbel massage technieken waarmee jij van een professioneel wellness moment in jouw eigen huiskamer kunt genieten. Zo kom je volledig tot rust bij een uitgebreide massage zonder zelf aan de slag te hoeven gaan. 
Geniet van nog meer voordeel!
 MultifunctioneelMet uitgebreide mogelijkheden in temperatuur geniet jij van een heerlijke massage, persoonlijk afgestemd op jouw voorkeuren. Zo biedt het Niceey massage voetenbad jou meer dan ieder ander voetmassage apparaat!Temperatuur balanceringssysteemWaar het warme water in een standaard voetenbad alsmaar kouder wordt geniet je van een constant aangename temperatuur met het voetmassagebad van NICEEY! Met een slim balanceringssysteem stel jij simpelweg de gewenste temperatuur in en zal het bad steeds automatisch verwarmd worden wanneer het water afkoelt. 
 TemperatuurinstellingenVul het voetenbad met water op temperatuur naar keuze. Het voetenbad zal aangeven hoe warm het water is. Vanaf deze temperatuur kun je in stappen van 1°C te verhogen tot 48°C. Zo stel je het voetenbad met precisie in en kun je stap voor stap bepalen welke warmtegraad het prettigst aanvoelt.Infrarood en BubbelfunctieEen andere functie is die van rood licht. Met een druk op de knop zet je rood licht aan voor tijdens de massage. Dit rode licht valt dan op de voeten en doet zijn werking door bacteriën te doden. Bij dit uitgebreide apparaat voor een kwalitatieve voetmassage zit verder ook nog een bubbelfunctie inbegrepen om extra zuurstof aan de voeten te geven tijdens jouw ontspannende voetmassage. 
 Handig in gebruikHet voetenbad is voorzien van een stevig handvat zodat je het apparaat moeiteloos kunt verplaatsen. Bovendien is het badwater met een automatisch leegloopventiel gemakkelijk af te voeren en kun je zorgeloos van jouw aankoop genieten.LED screenHet LED screen is een schermpje van zeer hoge kwaliteit dat op elk moment aangeeft wat de huidige temperatuur in het waterreservoir is. Hiermee kun je dus aflezen hoe hoog de temperatuur op een bepaald moment is en aan de hand daarvan aanpassingen doorvoeren. Het LED screen is duidelijk zichtbaar en vergroot het gemak waarmee het massage voetenbad gebruikt kan worden aanzienlijk.CE-markeringMet het voetenbad van niceey geniet je probleemloos van jouw relaxmoment. Het voetenbad heeft namelijk een CE-markering. Dit betekent dat het product voldoet aan de wettelijke eisen op gebied van veiligheid, gezondheid en milieu. Het product is dus veilig in gebruik. 
 Jouw voordelen 

2 jaar fabrieksgarantie
Versterkt het immuunsysteem
Bevordert de nachtrust en helpt bij slaapproblemen
Verbetert de bloedcirculatie
Zuurstof bubbels en infrarood om bacteriën te bestrijden
Verschillende massagestanden voor een persoonlijke en unieke ervaring
Optimale voerverzorging voor een ontspannen gevoel
Heel snel opgewarmd en behoud zijn temperatuur door het temperatuur balanceringssysteem
Zeer gebruiksvriendelijk
Te gebruiken met badzout of badolie in tegenstelling tot andere voetbaden

 Product details 

10 (!) massagerollers
6 verschillende timerstanden
Temperatuur: 32°C t/m 48°C per graad instelbaar
Vuil water makkelijk en snel laten aflopen.
Infrarood voetmassage
Multi-isolatie bescherming: ja
Dubbele oververhitting bescherming: ja
Het voetenbad is geschikt voor maten t/m 48 

 NICEEY B.V. is een online retailer met een assortiment aan hoogwaardige producten die het leven voor u een stuk mooier en makkelijker maakt. Daarnaast ligt onze focus op de beste klantenservice en gaan wij geen enkele uitdaging uit de weg. (On)tevreden? Laat het ons vooral weten! 
 ""Wij maken het leven voor u een stuk mooier en makkelijker, dat is Niceey."" Tot de volgende bestelling! 
"
16,Niceey Massage Voetenbad XL – Elektrisch Voetbad met Bubbelfunctie – 12 Massage Rollers – Infrarood Voetmassage - 12L - Wit,,NICEEY,,"4,0",40,"59,99",Op voorraad,https://www.bol.com/nl/nl/p/niceey-massage-voetenbad-xl-elektrisch-voetbad-met-bubbelfunctie-12-massage-rollers-infrarood-voetmassage-12l-wit/9300000053685394/,7,"
Geef jouw voeten het ultieme rust moment met het nieuwe massage voetenbad van Niceey!
Dit nieuwe 2021 elektrisch voetbad model heeft maar liefst 12(!) massagerollers en geeft jou het ultieme relax moment. In combinatie met het makkelijk te besturen LED-scherm zijn alle functies van het voetbadje snel en eenvoudig in te stellen, waarna je kan genieten van een rustgevend en stress verminderend voetenbad. Het voetbad beschikt over een infrarood voetmassage met bubbelfunctie.Tip(!): In tegenstelling tot andere voetenbaden kan je tijdens je ontspannende voetmassage van Niceey gebruik maken van badzout of badolie voor extra sensatie tijdens je massage.
Waarom het voetenbad van Niceey?
 Het Niceey Voetenbad geeft de optimale verzorgingJe voeten ondersteunen je ieder uur van de dag en krijgen tijdens jouw drukke schema dan ook vaak meer te verduren dan verwacht. Met dit fantastische voetbad van Niceey houd je jouw voeten sterk en gezond en bedank je je stappers voor al het harde werk dat ze doen. 
 De perfecte massageMet maar liefst 12 (!) massagerollers, zuurstof bubbels en infrarood licht krijgen jouw voeten met dit heerlijke massagebad precies wat ze nodig hebben. Zo worden de voetspieren volledig los gemasseerd, ervaar je een boost van nieuwe energie en wordt de bloedcirculatie gestimuleerd.Automatische instellingenJouw nieuwe voetenbad is voorzien van automatische bubbel massage technieken waarmee jij van een professioneel wellness moment in jouw eigen huiskamer kunt genieten. Zo kom je volledig tot rust bij een uitgebreide massage zonder zelf aan de slag te hoeven gaan.Makkelijk draagbaarHet voetenbad is gemaakt om makkelijk mee te nemen door middel van de hendel die er aan bevestigd is. Zo kun je het voetenbad plaatsen door het hele huis om bijvoorbeeld ook op de rand van het bed te genieten van het heerlijke voetenbad. 
Geniet van nog meer voordeel!
 MultifunctioneelMet uitgebreide mogelijkheden in temperatuur geniet jij van een heerlijke massage, persoonlijk afgestemd op jouw voorkeuren. Zo biedt het Niceey massage voetenbad jou meer dan ieder ander voetmassage apparaat!Temperatuur balanceringssysteemWaar het warme water in een standaard voetenbad alsmaar kouder wordt geniet je van een constant aangename temperatuur met het voetmassagebad van NICEEY! Met een slim balanceringssysteem stel jij simpelweg de gewenste temperatuur in en zal het bad steeds automatisch verwarmd worden wanneer het water afkoelt. 
 TemperatuurinstellingenVul het voetenbad met water op temperatuur naar keuze. Het voetenbad zal aangeven hoe warm het water is. Vanaf deze temperatuur kun je in stappen van 1°C te verhogen tot 48°C. Zo stel je het voetenbad met precisie in en kun je stap voor stap bepalen welke warmtegraad het prettigst aanvoelt.Infrarood en BubbelfunctieEen andere functie is die van rood licht. Met een druk op de knop zet je rood licht aan voor tijdens de massage. Dit rode licht valt dan op de voeten en doet zijn werking door bacteriën te doden. Bij dit uitgebreide apparaat voor een kwalitatieve voetmassage zit verder ook nog een bubbelfunctie inbegrepen om extra zuurstof aan de voeten te geven tijdens jouw ontspannende voetmassage. 
 Handig in gebruikHet voetenbad is voorzien van een stevig handvat zodat je het apparaat moeiteloos kunt verplaatsen. Bovendien is het badwater met een automatisch leegloopventiel gemakkelijk af te voeren en kun je zorgeloos van jouw aankoop genieten.LED screenHet LED screen is een schermpje van zeer hoge kwaliteit dat op elk moment aangeeft wat de huidige temperatuur in het waterreservoir is. Hiermee kun je dus aflezen hoe hoog de temperatuur op een bepaald moment is en aan de hand daarvan aanpassingen doorvoeren. Het LED screen is duidelijk zichtbaar en vergroot het gemak waarmee het massage voetenbad gebruikt kan worden aanzienlijk.CE-markeringMet het voetenbad van niceey geniet je probleemloos van jouw relaxmoment. Het voetenbad heeft namelijk een CE-markering. Dit betekent dat het product voldoet aan de wettelijke eisen op gebied van veiligheid, gezondheid en milieu. Het product is dus veilig in gebruik. 
 Jouw voordelen 

2 jaar fabrieksgarantie
Versterkt het immuunsysteem
Bevordert de nachtrust en helpt bij slaapproblemen
Verbetert de bloedcirculatie
Zuurstof bubbels en infrarood om bacteriën te bestrijden
Verschillende massagestanden voor een persoonlijke en unieke ervaring
Optimale voerverzorging voor een ontspannen gevoel
Heel snel opgewarmd en behoud zijn temperatuur door het temperatuur balanceringssysteem
Zeer gebruiksvriendelijk
Te gebruiken met badzout of badolie in tegenstelling tot andere voetbaden

 Product details 

12 (!) massagerollers
Verschillende timerstanden
6 massagestanden voor ideaal comfort op de acupunctuurpunten
Temperatuur: 20°C t/m 48°C per graad instelbaar
Vuil water makkelijk en snel laten aflopen.
Infrarood voetmassage
Multi-isolatie bescherming: ja
Dubbele oververhitting bescherming: ja
Het voetenbad is geschikt voor maten t/m 48

 NICEEY B.V. is een online retailer met een assortiment aan hoogwaardige producten die het leven voor u een stuk mooier en makkelijker maakt. Daarnaast ligt onze focus op de beste klantenservice en gaan wij geen enkele uitdaging uit de weg. (On)tevreden? Laat het ons vooral weten! 
 ""Wij maken het leven voor u een stuk mooier en makkelijker, dat is Niceey."" Tot de volgende bestelling! 
"
17,Niceey Massage Voetenbad – Elektrisch Voetbad  – 10 Massage Rollers – Infrarood Voetmassage - 12L - Wit,,NICEEY,,"4,0",40,"59,99",Op voorraad,https://www.bol.com/nl/nl/p/niceey-massage-voetenbad-elektrisch-voetbad-10-massage-rollers-infrarood-voetmassage-12l-wit/9300000070422165/,9,"
Geef jouw voeten het ultieme rust moment met het nieuwe massage voetenbad van Niceey!
Dit NIEUWE elektrisch voetbad model 2022 heeft maar liefst 10(!) massagerollers en geeft jou het ultieme relax moment. In combinatie met het makkelijk te besturen led-scherm door middel van de draaiknop zijn alle functies van het voetenbad snel en eenvoudig in te stellen, waarna je kan genieten van een rustgevend en stress verminderend voetenbad. Het voetenbad beschikt over een infrarood voetmassage! Tip(!): In tegenstelling tot andere voetenbaden kan je tijdens je ontspannende voetmassage van Niceey gebruik maken van badzout of badolie voor extra sensatie tijdens je massage.Let op!: Dit voetenbad heeft geen bubbelfunctie
Waarom het voetenbad van Niceey?
 Het Niceey Voetenbad geeft de optimale verzorgingJe voeten ondersteunen je ieder uur van de dag en krijgen tijdens jouw drukke schema dan ook vaak meer te verduren dan verwacht. Met dit fantastische voetbad van Niceey houd je jouw voeten sterk en gezond en bedank je je stappers voor al het harde werk dat ze doen. 
 De perfecte massageMet maar liefst 10 (!) handmatige massagerollers en infrarood licht krijgen jouw voeten met dit heerlijke massagebad precies wat ze nodig hebben. Zo worden de voetspieren volledig los gemasseerd, ervaar je een boost van nieuwe energie en wordt de bloedcirculatie gestimuleerd.Makkelijk draagbaarHet voetenbad is gemaakt om makkelijk mee te nemen door middel van de hendel die er aan bevestigd is. Zo kun je het voetenbad plaatsen door het hele huis om bijvoorbeeld ook op de rand van het bed te genieten van het heerlijke voetenbad.Automatische instellingenJouw nieuwe voetenbad is voorzien van infrarood massage technieken waarmee jij van een professioneel wellness moment in jouw eigen huiskamer kunt genieten. Zo kom je volledig tot rust bij een uitgebreide massage zonder zelf aan de slag te hoeven gaan. Het bad verwarmt automatisch op tot 45 graden. 
Geniet van nog meer voordeel!
 MultifunctioneelMet uitgebreide mogelijkheden in temperatuur geniet jij van een heerlijke massage, persoonlijk afgestemd op jouw voorkeuren. Zo biedt het Niceey massage voetenbad jou meer dan ieder ander voetmassage apparaat!Temperatuur balanceringssysteemWaar het warme water in een standaard voetenbad alsmaar kouder wordt geniet je van een constant aangename temperatuur met het voetmassagebad van NICEEY! Met een slim balanceringssysteem wordt simpelweg de beste temperatuur ingesteld en zal het bad steeds automatisch verwarmd worden wanneer het water afkoelt.InfraroodEen andere functie is die van rood licht. Met een druk op de knop zet je rood licht aan voor tijdens de massage. Dit rode licht valt dan op de voeten en doet zijn werking door bacteriën te doden. 
 Handig in gebruikHet voetenbad is voorzien van een stevig handvat zodat je het apparaat moeiteloos kunt verplaatsen. Bovendien is het badwater met een automatisch leegloopventiel gemakkelijk af te voeren en kun je zorgeloos van jouw aankoop genieten.\CE-markeringMet het voetenbad van niceey geniet je probleemloos van jouw relaxmoment. Het voetenbad heeft namelijk een CE-markering. Dit betekent dat het product voldoet aan de wettelijke eisen op gebied van veiligheid, gezondheid en milieu. Het product is dus veilig in gebruik. 
 Jouw voordelen 

2 jaar fabrieksgarantie
Makkelijk te bedienen door de handige draaiknop
Versterkt het immuunsysteem
Silver ion systeem dood bacterieën nog sneller
Bevordert de nachtrust en helpt bij slaapproblemen
Verbetert de bloedcirculatie
Infrarood om bacteriën te bestrijden
Optimale voerverzorging voor een ontspannen gevoel
Heel snel opgewarmd en behoud zijn temperatuur door het temperatuur balanceringssysteem
Zeer gebruiksvriendelijk
Te gebruiken met badzout of badolie in tegenstelling tot andere voetbaden

 Product details 

10 (!) massagerollers
Vuil water makkelijk en snel laten aflopen.
Infrarood voetmassage
Multi-isolatie bescherming: ja
Dubbele oververhitting bescherming: ja
Het voetenbad is geschikt voor maten t/m 48

 NICEEY B.V. is een online retailer met een assortiment aan hoogwaardige producten die het leven voor u een stuk mooier en makkelijker maakt. Daarnaast ligt onze focus op de beste klantenservice en gaan wij geen enkele uitdaging uit de weg. (On)tevreden? Laat het ons vooral weten! 
 ""Wij maken het leven voor u een stuk mooier en makkelijker, dat is Niceey."" Tot de volgende bestelling! 
"
19,Qualitá Voetenbad Grijs - Voetbad - Voetenbad met Massage,,Qualita,,"4,7",23,"89,99",Op voorraad,https://www.bol.com/nl/nl/p/qualita-voetenbad-grijs-voetbad-voetenbad-met-massage/9300000057230249/,10,"
 Voel je je de afgelopen tijd gestrest en kun je wel wat ontspanning gebruiken? Of heb je vaak last van je voeten? Een spa dagje of even naar de pedicure kost al snel een hoop geld. Kies daarom voor een voetenbad dat je lekker thuis kunt gebruiken wanneer je maar wilt. Vul het Qualitá voetbad met water en ga er heerlijk voor zitten. Met de afstandsbediening kun je de voetmassage laten starten of voor een bubbelbad kiezen.  
 
 Ervaar het luxe spa gevoel thuis op de bank 
  Vul het voetmassage apparaat met water, zet een lekkere kop thee (of koffie) en ga er eens heerlijk voor zitten. Als extraatje kun je er ook voor kiezen om een essentiële olie zoals lavendel toe te voegen voor een heerlijke geur. Het Qualitá voetenbad bevat 4 draaiende shiatsu wielen die zorgen voor een fijne voetmassage. Dit is niet alleen ontspannend, maar verbetert ook de bloedsomloop in je voeten en stimuleert de acupressuurpunten. 
 
 Nooit meer koude voeten  
  Heb je vaak koude voeten en warmen ze maar niet op? Dan is een voetenbad écht een uitkomst. Het infrarood licht zorgt ervoor dat het water altijd op temperatuur blijft en daarnaast verbetert het infrarood licht de huid op celniveau. Dit is perfect voor de koude winteravonden. 
 
 Super gemakkelijk te bedienen  
  Je bedient het Qualitá voetenbad met de knoppen op het voetmassage apparaat zelf of met de afstandsbediening. Ben je helemaal tot rust gekomen en klaar om je voeten af te drogen? Til het voetenbad op aan het handvat en laat het voetmassage apparaat gemakkelijk leeglopen door middel van het ventiel. 
   
 Voordelen van het Qualitá voetenbad  
  ✔︎ Perfecte temperatuur – Bepaal zelf de gewenste watertemperatuur. 
 ✔︎ Ontspannende massage – 4 draaiende shiatsu wielen zorgen voor een geweldige massage. 
 ✔︎ Timer – Bepaal zelf hoe lang je geniet van dit heerlijke voetmassage apparaat.  
 ✔︎ Gemakkelijk – Laat het apparaat na gebruik leeglopen door middel van het ventiel. 
 ✔︎ Verhelpt stress – Stimuleert acupressuurpunten en zorgt voor stressverlichting. 
 
 100% Tevredenheidsgarantie 
 Wij verkopen alleen de beste kwaliteit producten. Heb je een vraag of ben je niet tevreden met je aankoop? Laat het ons weten en dan zoeken we naar een gepaste oplossing. 
 
 Bestel jouw Qualitá voetenbad vandaag nog en ervaar het luxe spa gevoel vanuit huis! 
 
 
"
20,Lanaform Foot Spa - Voetenbad - Relaxapparaat,Nieuw artikel,Lanaform,,"3,7",11,"34,95",Op voorraad,https://www.bol.com/nl/nl/p/lanaform-foot-spa-voetenbad-relaxapparaat/9200000084012871/,7,"
    Met een Foot Spa voetbubbelbad geniet u van alle weldaden van de reflexologie, een massagetechniek die in de thalassotherapie wordt gebruikt. Dankzij de vorming van luchtbellen begint het water te trillen en te bewegen. Op die manier worden de reflexzones van de voet gemasseerd.





 Het massagepunt alsook de drukpunten in het voetbubbelbad zelf masseren ondertussen de voetzolen. 
 Tot slot verlichten de trillingen van de Foot Spa vermoeide voeten. De constante temperatuur van het water zorgt voor een moment van welzijn. 
"
21,Voetenbad FB50 - Beurer,Nieuw artikel,Beurer,Voetenbaden,"4,3",72,"149,99",Op voorraad,https://www.bol.com/nl/nl/p/beurer-fb50-voetenbad-xxl-3-pedicure-opzetstukken-verwarming/9200000008170474/,14,"
Voetenbad FB50 - BeurerOntspannend voetenbad met LED-display. Metvibrerende massage-bubbelmassage en verwarmdwater op 5 niveaus. Geïntrigeerde magneten voormagneettherapie. Met uitneembare rollers voorreflexzone-massage en 3 losse opzetstukken voorvoetmassage. Ook geschikt voor droog gebruik.400 wattAQ2Merk: BeurerVoetenbad FB50
  "
24,Voetenbad met Massage Bad met Afvoerslag Instelbare Warmte Bubbels - Automatische Voetmassage - Voetbad met Massage - 8 Liter,,Panacea,,"4,4",15,"69,",,https://www.bol.com/nl/nl/p/voetenbad-met-massage-bad-met-afvoerslag-instelbare-warmte-bubbels-automatische-voetmassage-voetbad-met-massage-8-liter/9300000033851381/,12,"
Geniet dagelijks van een ultiem relax moment en een uitstekende voetverzorging met het Panacea luxe voetenbad met massage. Je voeten hebben veel te verduren en toch zorgen de meeste mensen niet goed voor hun voeten. Zorg voortaan goed voor je voeten met het voetenbad met massage van Panacea!
 Dit voetbad massage apparaat is niet alleen uitstekend om je voeten te verzorgen maar ook je hele lichaam. Op de voetzool zijn veel acupunctuurpunten aanwezig die verband houden met verschillende organen en lichaamsdelen. Met dit massage apparaat worden al deze punten gemasseerd, waardoor je lichaam toxische stoffen kan afvoeren, veel beter slaapt en energieker voelt. 
 Voordelen Panacea Luxe Voetenbad Voetmassage Apparaat:✓ 2 in 1 - Voetenbad & voetmassage apparaat✓ Voetreflexmassage, vibratiemassage, bubbelmassage, infrarood therapie✓ Kalmeert alle spieren in het lichaam✓ Draag bij aan een gezonde en stabiele bloeddruk✓ Bevordert de bloedcirculatie✓ Ideaal bij vermoeide voeten✓ Verminderd Stress ✓ Heft blokkades in het hele lichaam op ✓ Met instelbaar de tijd & temperatuur✓ 4 gemotoriseerde massagerollen✓ Energiezuinig✓ Met afvoerslang - Eenvoudig eenvoudig reinigen✓ Water verwijderen zonder te spetteren✓ Met handvat en wieltjes - Eenvoudig meenemen & verplaatsen✓ Eenvoudig in gebruik 
 Ultieme ontspanning met een voetbad en uitgebreide voetmassageHet voetbad en voetmassage apparaat is niet alleen goed voor je voeten, je hielen, enkels en tenen worden ook goed verzorgd. Daarnaast worden organen en lichaamsdelen goed verzorgd door middel van voetreflexologie. Door middel van een acupressuur massage worden blokkades in het lichaam opgeheven waardoor pijn en stress verminderen. Hierdoor krijg je een diepere ontspanning van lichaam en geest. 
 Voetenbad met massage rollen - Alles in 1 voet spaDit voetenbad van Panacea is voorzien van 4 gemotoriseerde massagerollen om alle acupunctuurpunten van je voeten te masseren. Dit voetmassage apparaat combineert acupressuur, shiatsu, warmte therapie met temperatuurregeling, bubbel massage (zuurstofbellen), timer en verschillende massage programma’s voor een volledig gepersonaliseerde voetbad en voetmassage! 
 Voetbad massage apparaat instelbaar op tijd & temperatuurPanacea voetenbad en voetmassage apparaat is heel eenvoudig te bedienen. Het massage apparaat is voorzien van een grote aan/uit-knop en een LED Display met touch screen om de verschillende functies in te stellen. Je kunt hiermee de tijd en de temperatuur naar wens instellen. De watertemperatuur kan worden ingesteld tussen 35 ℃ en 48 ℃. Het water wordt snel opgewarmd en de gekozen temperatuur wordt constant gehandhaafd. Je kunt zelf instellen hoe lang je wilt ontspannen (van 10 tot 60 minuten). We adviseren om 20-30 minuten per dag gebruik te maken van het voetbad massage apparaat voor een optimaal effect. 
 Geen voetenwarmer nodig voor warme voetenPanacea luxe voetenbad is het beste apparaat voor warme voeten. Je hebt geen voetenverwarmer nodig bij koude voeten. De perfecte combinatie van een warme voetenbad en voetmassage zorgen snel en effectief voor een uitstekende doorbloeding waardoor je geen last meer hebt van vervelende koude voeten. 
 Voetbad apparaat met handvat, wieltjes en afvoerslangNaast het instellen van de juiste temperatuur en gewenste functies is dit luxe voet apparaat voorzien van een handvat om het apparaat eenvoudig mee te nemen. Door middel van 4 wieltjes en de draagbeugel kun je het apparaat makkelijk over de vloer verplaatsen. Daarnaast beschikt dit voetenbad over een afvoerslang. Hierdoor heb je geen last van spetteren tijdens het legen van de watertank van het voetenbad. Het apparaat is eenvoudig afneembaar en voorzien van een stofdicht deksel voor het opbergen en onderhoud. 
 De bubbels verwennen de voeten en helpen bij het gelijkmatig verdelen van de warmte. De massage rollen draaien in twee richting voor een grondige en zeer effectieve voetreflexmassage, net zoals bij een professionele voetreflexoloog. 
 Panacea luxe voetbad massageapparaat is speciaal gemaakt voor spa-artikelen zoals rozenblaadjes, etherische oliën en badzout. Het voetenbad massageapparaat is stil, comfortabel en elegant. Ideaal voor persoonlijk gebruik maar ook om als cadeau te geven voor familieleden en goede vrienden. Dit apparaat is comfortabel voor mensen met maximaal 49 (EU) schoenmaat. 
 Specificaties Panacea Luxe Voetbad Massage Apparaat : 

Gemotoriseerde rollers: Draaien in 2-richtingen
Bubbels
Instelbare tijd: 10, 20, 30, 40, 50 & 60 minuten
Instelbare temperatuur: Tussen 35 ℃ en 48 ℃
Capaciteit: 8 liter
Aantal wieltjes: 4
Waterafvoer: Afvoerslang
Gewicht: 4,9
Afmetingen: 44 x 37,8 x 33 cm

 Koop vandaag de ultieme verwenning voor je voeten en geniet voortaan iedere avond met Panacea Luxe Voetbad met Voetmassage! 
"
25,Medisana Voetenbubbelbad comfort FS885,,Medisana,,"4,3",65,"68,70",Op voorraad,https://www.bol.com/nl/nl/p/medisana-voetenbubbelbad-comfort-fs885/9200000021976195/,11,"
    Wat is er belangrijker dan het goed verzorgen van datgene dat je het gehele leven lang ondersteunt: je voeten! Wie zijn voeten goed verzorgt en verwent, stapt nu eenmaal makkelijker door het leven. En dan is het FSS 885 Voetenbubbelbad de ideale manier om uw voeten eens goed te verwennen. Zowel op technisch als ergonomisch gebied is de FSS 885 tot in de puntjes verzorgd. Het eenvoudige en gebruiksvriendelijke digitale display maakt met slechts vier knoppen alle functies voor u beschikbaar. Wat dacht u van een 3-in-1 massage, waar bubbels, infrarood en zelfs een vibratiemassage uw voeten heerlijk zullen verwennen. Indien gewenst kunt u natuurlijk ook slechts één van deze functies kiezen. De slim geplaatste massagerollers voorzien in een heerlijke voetreflexmassage aan zowel de onderzijde als aan de binnenzijde van uw voeten. Daarnaast kunt u het water heerlijk verwarmen tot de door u gewenste temperatuur, tot maar liefst 48°c! Omdat u bij al dit heerlijks de tijd wel eens kunt vergeten, is voor het gemak een timer geïntegreerd, instelbaar in vijf stappen van 20 tot 60 minuten. En mocht u op grote voet leven (of juist niet), de FS885 is geschikt voor alle maten tot maar liefst schoenmaat 46! Kenmerken van de Medisana Voetenbubbelbad Comfort FS885:3-in-1 functie: Bubbel-, vibratiemassage en infraroodlichtVerwarming van het water van 20°C tot 48°C, zelf regelbaarTimerfunctie met 20/30/40/50/60 minutenDigitale weergave van de timer en de watertemperatuurAutomatische roodlicht- en warmtefunctieMassagerollers in het middendeel ter massage van de binnenzijde van de voetenErgonomisch geplaatste luchtbubbelgaatjesVerwisselbare massagerollers voor de onderkant van de voetenGoede warmte-isolatie dankzij dubbelwandige behuizingIntensieve voetreflexmassageRuime afmetingen (gangbaar t/m schoenmaat 46)Afmeting: ca. 38,6 x 24,3 x 45,9 cmGewicht: ca. ca. 2,9 kgVermogen: 390 WattStroomvoorziening: 220-240V/50 HzMassagerollersKijk  hier  voor alle informatie over Medisana.
  "
28,Beurer FB20 Voetenbad - 3 pedicure opzetstukken - Infrarood,,Beurer,Voetenbaden,"3,8",26,"48,50",Op voorraad,https://www.bol.com/nl/nl/p/beurer-fb20-voetenbad-3-pedicure-opzetstukken-infrarood/9000000012514711/,9,"
    Beurer FB20 Voetenbad                                                                                    Verzorg je voeten met dit Beurer voetenbad en geniet van de weldadige massage. Kies uit een licht- en infrarood warmtebehandeling, een vibrerende of een bruismassage. De afneembare rolleropzetstukken zorgen voor een voetreflexmassage en het voetenbad beschikt over drie verwisselbare pedicure opzetstukken met een praktische houder. Dit voetenbad is ook geschikt voor een droge massage.
 
Kenmerken van Beurer FB20 Voetenbad                                                      Voetenbad met bruiswerking en functie voor voetreflexmassage  
Licht- en infrarood warmtefunctie
Geschikt voor droge massage
Afneembare rolleropzetstukken voor voetreflexmassage
3 verwisselbare pedicure opzetstukken met een praktische houder
Voetoppervlak met massage naps 
Zachte vibrerende massage
Anti-slip rubberen voetjes
Kalmerende velden van infrarood licht
Voetbed met massagefunctie
Verwijderbare spetterbeveiliging
Tot schoenmaat 46
Koordhaspel
Kabellengte ca. 1,8m
120 Watt
Garantie: 3 jaar
  "
29,TZS First Austria 8115-1 Voetenbad met 3 Massageprogramma's - Wit/Grijs,Geniet van een heerlijke massage voor vermoeide voeten in dit voetenbad,First Austria,,"5,0",7,"54,95",,https://www.bol.com/nl/nl/p/tzs-first-austria-8115-1-voetenbad-met-3-massageprogramma-s-wit-grijs/9300000035390434/,10,"
 Het TZS First Austria 8115-1 Voetenbad met massage is een functierijke spa om je voeten lekker in te verwennen. Het voetbad ontspant vermoeide voeten en verbetert de bloedsomloop. Een lange werkdag op de been, een flinke wandeling door het bos of een nachtelijk avontuur op hoge hakken; in het voetenbad met massage kunnen jouw voeten helemaal tot rust komen. 
 Met de verwarmingsfunctie houd je het water op een comfortabele temperatuur van 40 tot 45 graden Celsius. Het bad heeft honderden massagekolommen aan de onderkant die voor een trilling zorgen. Zet je voeten in het bad zodat de vibratiemassage de acupunctuurpunten in je voeten volledig kan stimuleren. Het bubbeleffect zorgt voor een fijne massage zodat je extra kunt genieten en de spieren in je voeten worden verzacht. Voor extra stimulans is het voetenbad voorzien van 6 rollen voor een stevigere rolmassage en infrarood voor een goede bloedcirculatie. Vanwege zijn praktische handgreep, antislipbodem en een fabrieksgarantie van 2 jaar, is het TZS First Austria 8115-1 Voetenbad met massage de perfecte aanvulling op jouw levensstijl. 
Unieke kenmerken van het TZS First Austria 8115-1 Voetenbad met Massage
 ✔ VerwarmingsfunctieOp de bodem van het voetenbad bevindt zich een hightech PTC-verwarmingselement dat automatisch en efficiënt de temperatuur weet te verhogen en op een bepaalde warmte vast kan houden. Op die manier kun je genieten van het plezier en een goede voetgezondheid op een aangename temperatuur. Het voetenbad kan worden verwarmt op een temperatuur van 40°C tot 45°C. 
 ✔ Vibratiemassage & bubbelmassageAan de onderkant van het voetenbad zitten honderden massagekolommen die voor vibratie zorgen voor een volledige stimulatie van de acupunctuurpunten in je voeten. Het voetenbad beschikt tevens over een fijne bubbelstraalfunctie zodat je extra kunt genieten. De massage van het voetbad ontspant de spieren in je voeten en kan symptomen van Fasciitis Plantaris (hielspoor) verzachten. 
 ✔ RolmassageNaast de vibratie- en bubbelmassage beschikt het voetenbad ook over 6 rollen voor een heerlijke rolmassage. De massagerollen kunnen afzonderlijk van elkaar draaien en bieden extra stimulans waardoor vermoeide of pijnlijke voeten snel verledentijd zijn. 
 ✔ Infrarood Het voetenbad met massage is verder voorzien van een infraroodfunctie, die de bloedcirculatie optimaal weet te stimuleren. 
 ✔Antispatdeksel Door een vrij diep waterniveau van 15 cm is het soms lastig om al het water binnenboord te houden. Om te voorkomen dat het water over de randen spettert, beschikt het voetenbad over een antispatdeksel. 
 ✔ Gemakkelijk draagbaarHet voetenbad is gemakkelijk mee te nemen via het praktische handvat aan de bovenkant. Je tilt het voetenbad zonder problemen op en kunt hem met gemak opbergen door zijn compacte design. 
Specificaties
 Performance 

Vermogen: 450 Watt
Drie massageprogramma's: vibratie-, bubbel- en rolmassage
Infraroodfunctie
Draagbaar via praktisch handvat
Antislipvoeten
 Verwarmingsfunctie: 40°C tot 45°C
Draaiknopbediening
Snoerlengte: 1.5 m
Geluidsniveau: < 65 dB (stil)
Gemakkelijk te reinigen

 Ontwerp 

Kleur: Wit / Grijs
Vorm: rond/ovaal
Dubbelwandige opbouw
Compact design

 Gewicht en afmetingen 

Afmeting van product (l x b x h): 42.5 x 35.5 x 25.5 cm
Afmetingen verpakking (l x b x h): 35 x 22.5 x 43.5 cm
Productgewicht: 2.8 kg

 FIRST AUSTRIA Al meer dan 25 jaar combineert het merk FIRST Austria betaalbare producten met een trendy design en geweldige functionaliteit. FIRST Austria is het merk voor praktische huishoudelijke apparaten tot entertainmentproducten en behoort tot de merkfamilie van Timetron Warenhandels GesmbH, met het hoofdkantoor in Wenen, Oostenrijk.Alle producten worden gekenmerkt door een eenvoudige bediening en een tijdloos design. Het brede productassortiment wordt continu uitgebreid en aangepast aan de vele verschillende klantwensen. De prijs / prestatieverhouding van FIRST Austria merkproducten is erg belangrijk. Voor elke marktintroductie worden uiteraard zorgvuldige kwaliteitscontroles op al onze producten uitgevoerd in Wenen. Producten van FIRST Austria helpen om kostbare tijd efficiënt te besteden en geven bovendien visuele highlights die inspireren. 
   
   
   
"
30,Medisana FS 883 Voetbubbelbad,,Medisana,,"3,1",9,"37,",,https://www.bol.com/nl/nl/p/medisana-fs-883-voetbubbelbad/9200000068715487/,12,"
    Je voeten laten ontspannen en optimaal verzorgen, met het 3in1 voetenbubbelbad FS 883 van Medisana! Deze voetspa geeft de voeten een ontspannende vibratiemassage in combinatie met een aangename roodlicht zone. Een speciale functie zorgt ervoor dat het water warm blijft. De FS 883 bevat 3 verwisselbare pedicure opzetstukken: eeltverwijderaar, borstel en massage opzetstuk. Dit massage opzetstuk is voor een heerlijke voetreflexmassage. Dit praktische voetenbubbelbad is ook geschikt voor droge massage. Anti-slip oppervlak met afneembare spatbescherming maken de FS 883 helemaal compleet. Ontspannende voetspa met vibratiemassageAangename warme roodlicht zoneSpeciale functie zorgt ervoor dat het waterwarm blijft3 verwisselbare pedicure-opzetstukken.(Eelt verwijderaar, borstel, massage opzetstuk)Massagerollers voor voetreflexmassageMassage ondersteunend voetenbedGeschikt voor droge massageAnti-slip oppervlakAfneembare spatbescherming
  "
31,Beurer FB30 - Voetenbad - Opvouwbaar - Infrarood - Massagefunctie,,Beurer,Voetenbaden,"4,4",10,"49,58",,https://www.bol.com/nl/nl/p/beurer-fb30-voetenbad-opvouwbaar-infrarood-massagefunctie/9200000049876600/,11,"
Geef je voeten een welverdiende massage met het Beurer FB30 voetenbad. Het voetenbad is ruimtebesparend doordat deze invouwbaar is. Naast de temp
"
47,MPM - Voetmassage Apparaat Bubbelmassage Infrarood Voetenbad - MMS-01,,MPM,,"3,6",23,"50,80",,https://www.bol.com/nl/nl/p/mpm-voetmassage-apparaat-bubbelmassage-infrarood-voetenbad-mms-01/9200000132879606/,9,"
 Voetmassage is een van de prettigste manieren om te ontspannen. Het ontspant en kalmeert je na een zware dag. De MMS-01-stimulator helpt u bij het voorbereiden van een massage thuis , dankzij de vele functies die vermoeide benen verlichten. 
 3 manieren van massage: 
 De MMS-01 voetmassageapparaat biedt drie massagemogelijkheden: 
 - bubbelmassage, infraroodstraling die de bloedsomloop stimuleert, vibratiefunctie 
 - bubbeltype massage, handhaving van watertemperatuur, vibratiefunctie 
 - handhaving van de watertemperatuur, infraroodstraling die de bloedcirculatie stimuleert 
 De MMS-01 voetmassageapparaat is een gebruiksvriendelijk apparaat dat is uitgerust met een trilfunctie en drie bolle massagehulpstukken. De functie van het handhaven van de watertemperatuur maakt de massage nog aangenamer en de overloopbeveiliging zorgt voor een veilig gebruik van het apparaat. 
 Functies: 
 3 Massagemogelijkheden: 
 - bubbelmassage, infraroodstraling die de bloedsomloop stimuleert, vibratiefunctie 
 - bubbeltype massage, handhaving van watertemperatuur, vibratiefunctie 
 - handhaving van de watertemperatuur, infraroodstraling die de bloedcirculatie stimuleert 
 4 Voet massagerollers 
 Onderkant van de stimulator uitgerust met inzetstukken voor voetacupressuur. 
 Deksel beschermt tegen morsen van water. 
 Stabiele, antislip rubberen voetjes. 
 Praktische opening voor eenvoudig gieten van water 
 Aanduiding van min / max capaciteit 3/5 L. 
 
 Accessoires: 
 3 Vervangbare tips voor puntmassage: 
 Puimsteen 
 Borstel 
 Spikes 
 
 Parameters: 
 Voeding: 230 V, ~ 50 Hz 
 Vermogen: 70 W. 
 EAN: 5901308008994 
"
62,JPS Care Voetenbad met Elektrische Massage - Instelbare Warmte tot 47°C - Inklapbaar met Draaghendel - Automatische Voetmassage,,JPS Care,,"4,6",7,"99,",Op voorraad,https://www.bol.com/nl/nl/p/jps-care-voetenbad-met-elektrische-massage-instelbare-warmte-tot-47-c-inklapbaar-met-draaghendel-automatische-voetmassage/9300000034179834/,9,"
 Heb je last van je voeten of wil je graag even helemaal tot rust komen wanneer het jou uitkomt? Dan is het JPS Care Voetenbad met elektrische massage ideaal voor jou. Er wordt in het dagelijks leven veel van voeten gevraagd, waardoor ze zeer gevoelig zijn voor spierpijn, zenuwpunten en stijfheid. Met het JPS Care voetenbad kun je deze problemen makkelijk verhelpen. Perfect na een lange werkdag, een goede sport sessie, een wandeling of als je gewoon lekker wil ontspannen.  
 De voordelen van het JPS Care voetenbad met massage. 
 Ben je benieuwd naar wat het JPS Care Voetenbad met massage voor jou kan betekenen? Dit zijn de voordelen voor jou: 

Verhelpt pijnlijke voeten
Zorgt voor volledige ontspanning
Zorgt voor betere bloedsomloop
Automatische voetmassage
Opvouwbaar en makkelijk op te bergen
Water blijft warm door warmte element
Kan tussen de 35 en 47 graden worden
Makkelijk in gebruik door touchscreen paneel.

 Waarom het JPS Care Voetenbad met elektrische massage? 
 Het JPS Care voetenbad is speciaal ontworpen om makkelijk in gebruik te zijn, niet te veel plek in te nemen in jouw woning maar toch aan al jouw behoefte te voorzien. Het voetenbad heeft een elektrische massage functie om pijnlijke voeten te verhelpen, bloedsomloop te bevorderen en jou volledige ontspanning te bieden. 
 Er is niets vervelenders dan een bad dat langzaam koud wordt. Daarom kun je met het touchscreen paneel zelf de warmte van het water instellen en zo lang warm houden als jij zelf wilt. De heat surfing functie zorgt ervoor dat je het warme water zich verdeeld en is handig als je gebruikt maakt van zeepjes in het water. 
 Let op! niet geschikt voor zwangere vrouwenJPS Care Merkbeschrijving: 
 iedereen heeft wel eens problemen of pijntjes in het lichaam. Het doel van JPS Care is mensen helpen hun lichaam op de juiste manier te verzorgen, zodat zij het optimale uit zichzelf kunnen halen. Daarom bieden wij verzorgingsproducten aan van hoogwaardige kwaliteit met een luxe uitstraling. Een goed en gezond lichaam draagt bij aan een goed en gelukkig leven. 

   
"
63,MPM Multifunctioneel Voetenbad Bubbelmassage Comfort,,MPM,,"3,6",23,"40,80",,https://www.bol.com/nl/nl/p/mpm-multifunctioneel-voetenbad-bubbelmassage-comfort/9200000123974790/,6,"
    De MMS-04 voetmassager is de perfecte verlichting voor voeten na een zware dag. Vanaf vandaag kunt u genieten van deze vorm van ontspanning in het comfort van uw eigen huis.Siliconen constructieDe MMS-04 voetmassager is gemaakt van zacht, flexibel siliconen. Dankzij het opvouwbare ontwerp en de comfortabele handgreep kunt u de apparatuur eenvoudig naar elke gewenste locatie verplaatsen of vervoeren. Siliconen is een materiaal dat ondanks de hoge temperatuur niet vervormt, wat belangrijk is dat het niet reageert bij contact met de huid. De onderkant van MMS-04 heeft speciale tabbladen voor voetacupressuur en lampen met infraroodstraling die de bloedcirculatie stimuleren.Massage van het type ""Bubbels""MMS-04 biedt een ""bubbel"" -massage met watertemperatuurverwarming en infraroodstraling. Deze behandeling heeft een ontspannend en verzachtend effect en geeft verlichting aan vermoeide voeten.Functies:Behuizing gemaakt van zacht, flexibel siliconenOpvouwbaar ontwerp voor eenvoudig opbergen""Bubbel"" massage met infraroodstraling en watertemperatuurbehoudHandige draaggreepDe onderkant van de stimulator uitgerust met:Voet acupressuur tabbladenLampen met infraroodstraling die de bloedcirculatie stimulerenAfdekking tegen morsen van waterStabiele antislip rubberen voetjesParameters:Massager hoogte: 21 cmHoogte na invouwen: 10 cmVoeding: 220-240 V 50/60 HzVermogen: 90 W
  "
67,"MPM - Multifunctioneel Voetenbad Massage Comfort 5,6 liter",,MPM,,"3,6",23,"63,",,https://www.bol.com/nl/nl/p/mpm-multifunctioneel-voetenbad-massage-comfort-5-6-liter/9200000123939995/,4,"
    MPM Multifunctioneel Voetenbad Massage Comfort 5,6 liter  Na een lange dag wandelen of staan op je voeten kunnen jouw voeten wel een massage gebruiken. Nu is niet iedere partner bereidt om jouw voeten te masseren, maar gelukkig hebben wij de oplossing. Met dit voetmassage bad van het merk MPM kun je volop genieten. Dit is één van de meest aangename manieren om te ontspannen. Het ontspant en kalmeert na een zware dag. Het MMS-03 massage bad kun je gewoon thuis gebruiken en dankzij de vele functies die het massage bad heeft zullen jouw vermoeide benen/voeten weer lekker relaxt aanvoelen.Voordelen voetmassage bad van MPM: .✅ Beschermkap tegen spattend water✅ Uitgerust met infraroodstraling die bloedcirculatie stimuleren✅ Dubbele wanden voor vasthouden watertemperatuur✅ Antislipvoetjes✅ Confortabele draaggreep✅ Groot volume van 5,6 L✅ 6 grote voeten massagerollen✅ Ruimte voor medicinaal zout Drie manieren van massage: - Massage type “bubbels” met een trilfunctie- Infraroodstraling, watertemperatuur behouden- Infraroodstraling, massage type “bubbel” met vibratiefunctie, handhaving van de watertemperatuur
  "
70,JPS Care Voetenbad met Massagerollers - Instelbare Warmte tot 47°C -  Inklapbaar met Draaghendel,,JPS Care,,"4,6",7,"69,95",Op voorraad,https://www.bol.com/nl/nl/p/jps-care-voetenbad-met-massagerollers-instelbare-warmte-tot-47-c-inklapbaar-met-draaghendel/9300000034216702/,9,"
 Heb je last van je voeten of wil je graag even helemaal tot rust komen wanneer het jou uitkomt? Dan is het JPS Care Voetenbad met rol massage ideaal voor jou. Er wordt in het dagelijks leven veel van voeten gevraagd, waardoor ze zeer gevoelig zijn voor spierpijn, zenuwpunten en stijfheid. Met het JPS Care voetenbad kun je deze problemen makkelijk verhelpen. Perfect na een lange werkdag, een goede sport sessie, een wandeling of als je gewoon lekker wil ontspannen.  
 De voordelen van het JPS Care voetenbad met massage. 
 Ben je benieuwd naar wat het JPS Care Voetenbad met rolmassage voor jou kan betekenen? Dit zijn de voordelen voor jou: 

Verhelpt pijnlijke voeten
Zorgt voor volledige ontspanning
Zorgt voor betere bloedsomloop
Fijne rollers in het voetenbad om je voeten te masseren
Opvouwbaar en makkelijk op te bergen
Water blijft warm door warmte element
Kan tussen de 35 en 47 graden worden
Makkelijk in gebruik door touchscreen paneel.

 Waarom het JPS Care Voetenbad? 
 Het JPS Care voetenbad is speciaal ontworpen om makkelijk in gebruik te zijn, niet te veel plek in te nemen in jouw woning maar toch aan al jouw behoefte te voorzien. Het voetenbad heeft een massagerollers om pijnlijke voeten te verhelpen, bloedsomloop te bevorderen en jou volledige ontspanning te bieden. 
 Er is niets vervelenders dan een bad dat langzaam koud wordt. Daarom kun je met het touchscreen paneel zelf de warmte van het water instellen en zo lang warm houden als jij zelf wilt. De heat surfing functie zorgt ervoor dat je het warme water zich verdeeld en is handig als je gebruikt maakt van zeepjes in het water.Let op! niet geschikt voor zwangere vrouwen 
 JPS Care Merkbeschrijving: 
 Iedereen heeft wel eens problemen of pijntjes in het lichaam. Het doel van JPS Care is mensen helpen hun lichaam op de juiste manier te verzorgen, zodat zij het optimale uit zichzelf kunnen halen. Daarom bieden wij verzorgingsproducten aan van hoogwaardige kwaliteit met een luxe uitstraling. Een goed en gezond lichaam draagt bij aan een goed en gelukkig leven. 
"
115,Ecomed 23100 - Voetenbad,,Ecomed,,"4,0",67,"50,",Op voorraad,https://www.bol.com/nl/nl/p/ecomed-23100-voetenbad/9200000015037748/,8,"
Kenmerken van het Ecomed voetbubbelbad:Krachtige voetenbubbelbad-massageIntensieve voetreflexmassageGemakkelijke bediening dankzij voetknopKeuze uit 2 programmacombinaties:1 bubbels + warmte en 2 bubbels + warmte + massageInclusief verwisselbare massagerollersAangename pasvorm, geschikt tot en met maat 46InhoudVoetenbubbelMassagerollersbadMassagerollersTechnische gegevensAfmetingen: 41 x 34 x 17 cm60 watt, 230 V / 50 HzKijk  hier  voor alle informatie over Medisana.Let op, deze voetenwarmer kan koud water niet volledig opwarmen, maar warm water wel langer warmhouden.
  "
119,KASJ Koreaans Voetenbad - Luxe Bad - Automatische Massage - 12L - Verwarming Tot 48°C,,KASJ,,"4,6",42,"169,00",,https://www.bol.com/nl/nl/p/kasj-koreaans-voetenbad-luxe-bad-automatische-massage-12l-verwarming-tot-48-c/9300000032579413/,8,"
 De meeste mensen zijn zich er niet van bewust dat (volgens de oosterse geneeskunde) hun voeten in contact staan met de organen binnen in hun lichaam. Verzorg je je voeten goed dan verzorg je in principe dus ook je organen goed. Dit heeft weer positieve invloed op jouw lichaam als geheel en uiteindelijk bevordert het dus je gezondheid. Kortom onze voeten zouden een hoge prioriteit moeten hebben... 
 
 Dankzij het  Massage Voetenbad van Kasj geef jij jouw voeten de aandacht die zij verdienen. Zo worden de drukpunten gestimuleerd (wat invloed heeft op je gezondheid), je voeten intens gereinigd.Daarnaast kan ook de temperatuur van het water eenvoudig naar wens worden ingesteld. Ultiem ontspannen dus! 
 Het voetenbad is ook geschikt voor het toevoegen van oliën, magnesium, zout en dergelijke kruiden. Zo kan je nog meer genieten van een heerlijk voetenbad.Pluspunten: 

Stimuleert de drukpunten
Positieve invloed op gezondheid
Werkt rustgevend & ontspannend
3 massage-standen
Te gebruiken met badzout / badolie
Automatische timer functie
Heerlijk verwarmd water tot 48°C
Eenvoudig te bedienen
Opvouwbaar

   
Waarom is de Kasj - Massage Voetenbad geschikt voor mij?
 ✔ Professioneel voetenbad - Het portable hengsel, de 3 massagestanden, de 6 massagerollers, de ingebouwde, de 6 timer-standen, de automatische uitschakeling bij oververhitting en het zelf reguleren van de temperatuur van het water… Dit voetenbad is naast privé ook zeker geschikt voor de professionele podotherapeut of pedicure-specialist. 
 ✔ Heerlijk ontspannend - Naast de positieve werking op onze gezondheid is dit voetenbad ook uitermate geschikt voor als je gewoonweg wilt ontspannen. Zeker na een lange dag wandelen of fysiek werk is er niks fijner dan een warme massage krijgen in dit unieke voetenbad! 
 
 ✔ Diepe massage - Dit automatische voetenbad heeft maar liefst 3 massagestanden waar uit gekozen kan worden. Deze rollers zijn speciaal ontworpen om de drukpunten onder onze voeten zo goed mogelijk te kunnen stimuleren. Dit heeft een positief effect op onze gezondheid. 
 
 
 
 
 
 Wij werken al geruime tijd binnen de voetverzorgingsbranche en hebben dan ook een ruime kennis opgebouwd. Kwaliteit staat bij ons hoog in het vaandel en wij vinden het belangrijk dat u als klant kunt genieten van de laatste trends, technologieën en innovatie. 
 
 Waarom kiezen voor Kasj 
 ✔ Wij bieden 24/7 service aan voor al jouw vragen of advies ✔ Gratis retourneren binnen 30 daggen na ontvangst van uw product✔ Elk product wordt grondig getest en gecontroleerd door ons team van specialisten✔ Wij ontwikkelen onze producten op een duurzame wijze 
 
Specificaties

Naam: Kasj - Massage Voetenbad
Materiaal: ABS
Afmetingen: 36 x 41 x 34 cm 
Opgevouwen: 36 x 41 x 14 cm
Spanning: 800 W
Voltage: AC110V-240V/50-60HZ
Maximale temperatuur: 35~48 graden

Met dit Voetenbad kies je voor meer rust, flexibiliteit en vitaliteit. Bestel vandaag voor 20:00 en begin morgen direct met genieten.
"
